StartServers,MinSpareServers,MaxSpareServers,MaxRequestWorkers,MaxRequestsPerChild,PERF
0.0,8.0,10.0,20.0,1.0,4768.703125
0.0,7.0,10.0,20.0,1.0,4746.15087890625
1.0,7.0,13.0,19.0,1.0,4733.0703125
1.0,8.0,12.0,19.0,1.0,4728.390625
1.0,8.0,12.0,17.0,1.0,4727.9853515625
1.0,8.0,12.0,16.0,1.0,4727.7822265625
1.0,8.0,12.0,15.0,1.0,4727.58203125
1.0,9.0,11.0,19.0,1.0,4726.21044921875
1.0,9.0,11.0,18.0,1.0,4726.0439453125
1.0,9.0,11.0,21.0,3.0,4721.98095703125
