StartServers,MinSpareServers,MaxSpareServers,MaxRequestWorkers,MaxRequestsPerChild,PERF
1.0,10.0,18.0,17.0,3.0,4910.5849609375
1.0,10.0,18.0,16.0,3.0,4910.38427734375
1.0,10.0,18.0,15.0,3.0,4910.1845703125
1.0,10.0,17.0,15.0,3.0,4885.68359375
1.0,10.0,16.0,23.0,3.0,4862.447265625
1.0,10.0,16.0,22.0,3.0,4862.27587890625
1.0,10.0,16.0,13.0,3.0,4860.734375
1.0,10.0,16.0,12.0,3.0,4860.5634765625
1.0,10.0,15.0,20.0,2.0,4839.48583984375
1.0,9.0,16.0,13.0,3.0,4838.173828125
