StartServers,MinSpareServers,MaxSpareServers,MaxRequestWorkers,MaxRequestsPerChild,PERF
1.0,8.0,12.0,64.0,43.0,4643.5908203125
1.0,8.0,12.0,64.0,55.0,4619.3828125
1.0,8.0,12.0,44.0,55.0,4615.3408203125
1.0,8.0,13.0,63.0,73.0,4607.94677734375
1.0,8.0,13.0,62.0,74.0,4605.896484375
1.0,8.0,13.0,62.0,75.0,4604.0400390625
1.0,8.0,13.0,61.0,76.0,4602.02587890625
1.0,7.0,13.0,63.0,74.0,4591.923828125
1.0,8.0,11.0,63.0,58.0,4591.2822265625
1.0,9.0,12.0,61.0,79.0,4590.06396484375
