StartServers,MinSpareServers,MaxSpareServers,MaxRequestWorkers,MaxRequestsPerChild,PERF
0.0,0.0,10.0,10.0,20.0,4587.8037109375
0.0,0.0,10.0,10.0,20.0,4587.8037109375
0.0,0.0,10.0,10.0,20.0,4587.8037109375
0.0,0.0,10.0,10.0,20.0,4587.8037109375
0.0,0.0,10.0,10.0,20.0,4587.8037109375
0.0,0.0,10.0,10.0,20.0,4587.8037109375
0.0,0.0,10.0,10.0,20.0,4587.8037109375
0.0,0.0,10.0,10.0,20.0,4587.8037109375
0.0,0.0,10.0,10.0,20.0,4587.8037109375
0.0,0.0,10.0,10.0,20.0,4587.8037109375
