StartServers,MinSpareServers,MaxSpareServers,MaxRequestWorkers,MaxRequestsPerChild,PERF
2.0,9.0,13.0,73.0,81.0,4530.5458984375
2.0,10.0,14.0,53.0,101.0,4523.533203125
2.0,10.0,14.0,51.0,101.0,4523.09033203125
2.0,10.0,14.0,55.0,103.0,4520.0078125
2.0,10.0,14.0,53.0,104.0,4517.5830078125
2.0,9.0,14.0,54.0,100.0,4512.7421875
2.0,9.0,14.0,53.0,100.0,4512.5390625
2.0,9.0,14.0,51.0,100.0,4512.1337890625
2.0,9.0,14.0,56.0,101.0,4511.2265625
2.0,9.0,14.0,55.0,102.0,4509.1044921875
