StartServers,MinSpareServers,MaxSpareServers,MaxRequestWorkers,MaxRequestsPerChild,PERF
0.0,6.0,10.0,20.0,93.0,4544.62451171875
0.0,6.0,10.0,20.0,94.0,4542.6494140625
0.0,6.0,10.0,20.0,95.0,4540.67431640625
0.0,6.0,10.0,20.0,96.0,4538.69677734375
0.0,6.0,10.0,20.0,97.0,4536.7138671875
2.0,7.0,15.0,80.0,95.0,4519.1337890625
2.0,8.0,15.0,84.0,104.0,4518.875
1.0,6.0,11.0,18.0,76.0,4518.458984375
2.0,8.0,15.0,85.0,105.0,4517.1669921875
1.0,6.0,11.0,18.0,77.0,4516.5439453125
