StartServers,MinSpareServers,MaxSpareServers,MaxRequestWorkers,MaxRequestsPerChild,PERF
0.0,9.0,10.0,20.0,28.0,4734.154296875
0.0,9.0,10.0,20.0,29.0,4731.88916015625
0.0,9.0,10.0,20.0,29.0,4731.88916015625
0.0,9.0,10.0,20.0,29.0,4731.88916015625
0.0,9.0,10.0,19.0,29.0,4731.7783203125
0.0,9.0,10.0,19.0,29.0,4731.7783203125
1.0,9.0,14.0,19.0,30.0,4731.16552734375
0.0,9.0,10.0,20.0,30.0,4729.62353515625
0.0,9.0,10.0,19.0,30.0,4729.494140625
0.0,9.0,10.0,19.0,31.0,4727.18798828125
