StartServers,MinSpareServers,MaxSpareServers,MaxRequestWorkers,MaxRequestsPerChild,PERF
0.0,0.0,10.0,10.0,11.0,4602.93994140625
0.0,0.0,10.0,10.0,11.0,4602.93994140625
0.0,0.0,10.0,10.0,11.0,4602.93994140625
0.0,0.0,10.0,10.0,11.0,4602.93994140625
0.0,0.0,10.0,10.0,11.0,4602.93994140625
0.0,0.0,10.0,10.0,11.0,4602.93994140625
0.0,0.0,10.0,10.0,11.0,4602.93994140625
0.0,0.0,10.0,10.0,11.0,4602.93994140625
0.0,0.0,10.0,10.0,11.0,4602.93994140625
0.0,0.0,10.0,10.0,11.0,4602.93994140625
