mapreduce_task_io_sort_factor,mapreduce_reduce_shuffle_merge_percent,mapreduce_output_fileoutputformat_compress,mapreduce_reduce_merge_inmem_threshold,mapreduce_job_reduces,mapreduce_map_sort_spill_percent,mapreduce_reduce_shuffle_input_buffer_percent,mapreduce_task_io_sort_mb,mapreduce_map_output_compress,PERF
28,0.6663963242903419,true,887,24,0.6059758841059483,0.3511004351686695,139,true,113523.0
25,0.49521816305744903,false,939,959,0.8686212928427774,0.7009151862516787,250,true,111806.0
18,0.5868921352817557,true,378,831,0.8091648193851652,0.5541505931141172,166,true,113290.0
39,0.2741690564469468,false,391,891,0.5993920429755816,0.5701034973277898,109,false,115477.0
86,0.5904784259399822,true,271,660,0.716912102279949,0.5706974065236318,255,true,107914.0
64,0.24703511117126428,true,700,1,0.7814152259161442,0.5563572791493696,139,false,107664.0
